402,0x004375dff511095cc5a197a54140a24efef3a416,2,0x2260fac5e5542a773aa44fbcfedf7c193bc2c599,0xa0b86991c6218b36c1d19d4a2e9eb0ce3606eb48,3000,10092348,1589836650,0
4742,0x02dd9ff64eec5d866a512ef08463c7c85a14e4aa,2,0x0d8775f648430679a709e98d2b0cb6250d2887ef,0xa0b86991c6218b36c1d19d4a2e9eb0ce3606eb48,3000,10161048,1590760323,0
5365,0x033fa3759a33b2d3acf50d5166beaa1db53fb2a0,2,0x30bcd71b8d21fe830e493b30e90befba29de9114,0x6b175474e89094c44da98b954eedeac495271d0f,3000,11240775,1605156902,0
5526,0x0357079bbecadd7bd4b7a9f418014679fc4e3926,2,0x111111111117dc0aa78b770fa6a738034120c302,0xdac17f958d2ee523a2206206994597c13d831ec7,3000,11544049,1609180176,0
7662,0x04916039b1f59d9745bf6e0a21f191d1e0a84287,3,0x0bc529c00c6401aef6d220be8c6ea1667f6ad93e,0xc02aaa39b223fe8d0a0e5c4f27ead9083c756cc2,3000,12370239,1620164244,60
7814,0x04a959e3b14bcb1e5c35c611ba5d4a1bf29ad26d,3,0xd46ba6d942050d489dbd938a2c909a5d5039a161,0xdac17f958d2ee523a2206206994597c13d831ec7,500,12538928,1622420941,10
10366,0x063332bbf9f8385e4106919b5c6ae2e6a4f72228,3,0x111111111117dc0aa78b770fa6a738034120c302,0x6b175474e89094c44da98b954eedeac495271d0f,100,13876550,1640464706,1
10571,0x06520317775b25db8633fc3e19c3717fdd0c63e3,2,0x2b591e99afe9f32eaa6214f7b7629768c40eeb39,0x95ad61b0a150d79219dcf64e1e6cc01f0b64c4ce,3000,14243908,1645373766,0
12224,0x074f315aa41e0871e2d4509476bc712e331cfb27,3,0x6b175474e89094c44da98b954eedeac495271d0f,0x853d955acef822db058eb8505911ed77f175b99e,100,14741153,1652081690,1
12904,0x07b1c12be0d62fe548a2b4b025ab7a5ca8def21e,3,0xd533a949740bb3306d119cc777fa900ba034cd52,0xdac17f958d2ee523a2206206994597c13d831ec7,3000,12377328,1620258505,60
13735,0x082eb122f23802e0375086d966b8a5496e03266c,3,0x30bcd71b8d21fe830e493b30e90befba29de9114,0x6b175474e89094c44da98b954eedeac495271d0f,10000,12376527,1620248129,200
14117,0x0865b9c7cd9aa9f0e9f61e96c11e524145b70550,2,0x57ab1ec28d129707052df4df418d58a2d46d5f51,0xa0b86991c6218b36c1d19d4a2e9eb0ce3606eb48,3000,10091504,1589825106,0
14528,0x08a564924c26d8289503bbaa18714b9c366df9a5,2,0x6b175474e89094c44da98b954eedeac495271d0f,0xd46ba6d942050d489dbd938a2c909a5d5039a161,3000,10092063,1589832917,0
15318,0x091c0158ab410bd73ca1541409d5a22e90146a04,3,0x514910771af9ca656af840dff83e8264ecf986ca,0x6b175474e89094c44da98b954eedeac495271d0f,3000,12376469,1620247308,60
15811,0x09622b458f27c6f394455b9c0fb404ffac05e37a,3,0xa0b86991c6218b36c1d19d4a2e9eb0ce3606eb48,0xd533a949740bb3306d119cc777fa900ba034cd52,500,14297981,1646095833,10
20047,0x0bed31d1070a3713a2fcf0be500b53774f73acbb,3,0xd46ba6d942050d489dbd938a2c909a5d5039a161,0xdac17f958d2ee523a2206206994597c13d831ec7,3000,12376897,1620252928,60
20292,0x0c11f54ec778cdf062ad0d8464cc7b7c9108c934,2,0x0d8775f648430679a709e98d2b0cb6250d2887ef,0xdac17f958d2ee523a2206206994597c13d831ec7,3000,10236729,1591775772,0
21456,0x0cbe2f86e2fd90040ebb557b99f83400bf8f3717,3,0x9f8f72aa9304c8b593d555f12ef6589cc3a579a2,0xdac17f958d2ee523a2206206994597c13d831ec7,500,12669114,1624163307,10
21828,0x0cf980d2ca69c7f29537dc8fd008dafef56f6fbc,3,0x7fc66500c84a76ad7e9c93437bfc5ac33e2ddae9,0xc00e94cb662c3520282e6f5717214004a7f26888,3000,12962780,1628136374,60
22347,0x0d47fedc9f84ceb8c95719bb6b684b50645cf2f0,3,0x111111111117dc0aa78b770fa6a738034120c302,0xa0b86991c6218b36c1d19d4a2e9eb0ce3606eb48,3000,12560182,1622705048,60
22360,0x0d4a11d5eeaac28ec3f61d100daf4d40471f1852,2,0xc02aaa39b223fe8d0a0e5c4f27ead9083c756cc2,0xdac17f958d2ee523a2206206994597c13d831ec7,3000,10093341,1589850429,0
23333,0x0de0fa91b6dbab8c8503aaa2d1dfa91a192cb149,2,0x2260fac5e5542a773aa44fbcfedf7c193bc2c599,0xdac17f958d2ee523a2206206994597c13d831ec7,3000,10362409,1593456533,0
25750,0x0f55339b69e5c3887fa23dd7d42099671d702e54,2,0x30bcd71b8d21fe830e493b30e90befba29de9114,0x9f8f72aa9304c8b593d555f12ef6589cc3a579a2,3000,12604608,1623299358,0
26250,0x0f9d9d1cce530c91f075455efef2d9386375df3d,3,0x9f8f72aa9304c8b593d555f12ef6589cc3a579a2,0xa0b86991c6218b36c1d19d4a2e9eb0ce3606eb48,3000,12501383,1621917285,60
27490,0x10581399a549dbfffdbd9b070a0ba2f9f61620d2,3,0x853d955acef822db058eb8505911ed77f175b99e,0xa0b86991c6218b36c1d19d4a2e9eb0ce3606eb48,3000,12414460,1620754140,60
28869,0x112b376914f39afe57c76ef8027363a004aaed1b,2,0x0d8775f648430679a709e98d2b0cb6250d2887ef,0xc00e94cb662c3520282e6f5717214004a7f26888,3000,10305001,1592687785,0
29130,0x1153c8f2b05fdde2db507c8d16e49d4c7405c907,3,0x2260fac5e5542a773aa44fbcfedf7c193bc2c599,0x95ad61b0a150d79219dcf64e1e6cc01f0b64c4ce,10000,13958510,1641560580,200
29789,0x11b815efb8f581194ae79006d24e0d814b7697f6,3,0xc02aaa39b223fe8d0a0e5c4f27ead9083c756cc2,0xdac17f958d2ee523a2206206994597c13d831ec7,500,12376751,1620251172,10
32441,0x1353fe67fff8f376762b7034dc9066f0be15a723,3,0x7fc66500c84a76ad7e9c93437bfc5ac33e2ddae9,0xc02aaa39b223fe8d0a0e5c4f27ead9083c756cc2,10000,12626768,1623595931,200
33792,0x14243ea6bb3d64c8d54a1f47b077e23394d6528a,3,0x514910771af9ca656af840dff83e8264ecf986ca,0x7fc66500c84a76ad7e9c93437bfc5ac33e2ddae9,3000,12380104,1620295613,60
34685,0x14a870fdc25fa79e73fb31669bbdbcd3fb32200a,2,0x95ad61b0a150d79219dcf64e1e6cc01f0b64c4ce,0xa91c82b6933105c23298e631a0c1be751d239162,3000,12163178,1617407385,0
34845,0x14c1a99db43e3f304a73049d5ee3d5904ed22d9a,2,0x2260fac5e5542a773aa44fbcfedf7c193bc2c599,0x5f64ab1544d28732f0a24f4713c2c8ec0da089f0,3000,11831843,1613000719,0
40797,0x184c33b7b1089747440057e46b4e2bb61f09bc8d,3,0x6b3595068778dd592e39a122f4f5a5cf09c90fe2,0xa0b86991c6218b36c1d19d4a2e9eb0ce3606eb48,10000,12531654,1622323336,200
41713,0x18d96b617a3e5c42a2ada4bc5d1b48e223f17d0d,3,0xa0b86991c6218b36c1d19d4a2e9eb0ce3606eb48,0xa47c8bf37f92abed4a126bda807a7b7498661acd,100,13770450,1639044478,1
43492,0x19e286157200418d6a1f7d1df834b82e65c920aa,3,0x6b3595068778dd592e39a122f4f5a5cf09c90fe2,0xc02aaa39b223fe8d0a0e5c4f27ead9083c756cc2,10000,12375874,1620239567,200
49164,0x1d42064fc4beb5f8aaf85f4617ae8b3b5b8bd801,3,0x1f9840a85d5af5bf1d1762f925bdaddc4201f984,0xc02aaa39b223fe8d0a0e5c4f27ead9083c756cc2,3000,12369739,1620157956,60
49647,0x1d84f218038e78fce2e447623dfc46360d8ab5a4,3,0x6b175474e89094c44da98b954eedeac495271d0f,0xc00e94cb662c3520282e6f5717214004a7f26888,3000,12728244,1624959800,60
49811,0x1d9de3ad2e0742b6642524c12afe13568035fea3,3,0x1f9840a85d5af5bf1d1762f925bdaddc4201f984,0x6b3595068778dd592e39a122f4f5a5cf09c90fe2,3000,12376788,1620251637,60
50359,0x1dee9d7b7cfd8febf38982bc8ab715ec8c3050d1,3,0x111111111117dc0aa78b770fa6a738034120c302,0xdac17f958d2ee523a2206206994597c13d831ec7,3000,13721786,1638371474,60
50386,0x1df4139144595e0245b084e7ea1a75101fb95548,2,0x111111111117dc0aa78b770fa6a738034120c302,0x6b175474e89094c44da98b954eedeac495271d0f,3000,11519520,1608855516,0
51026,0x1e5143bb68abfadc401360a55e8aca2fd292b673,3,0x2260fac5e5542a773aa44fbcfedf7c193bc2c599,0xc00e94cb662c3520282e6f5717214004a7f26888,3000,12458922,1621347984,60
51463,0x1e8f1568b598908785064809ebf5745004ce3962,3,0x0000000000085d4780b73119b644ae5ecd22b376,0xdac17f958d2ee523a2206206994597c13d831ec7,500,12956981,1628057324,10
52602,0x1f447690a6ddf18400533b705516159e1312f892,2,0x7fc66500c84a76ad7e9c93437bfc5ac33e2ddae9,0xdac17f958d2ee523a2206206994597c13d831ec7,3000,11718981,1611499611,0
54529,0x206c9f6ad08a8f2a3cc05bd3939cd49287560096,3,0x6b3595068778dd592e39a122f4f5a5cf09c90fe2,0xdac17f958d2ee523a2206206994597c13d831ec7,3000,12379465,1620286978,60
55604,0x210a97ba874a8e279c95b350ae8ba143a143c159,2,0xa0b86991c6218b36c1d19d4a2e9eb0ce3606eb48,0xd533a949740bb3306d119cc777fa900ba034cd52,3000,10654412,1597358513,0
59019,0x231b7589426ffe1b75405526fc32ac09d44364c4,2,0x2260fac5e5542a773aa44fbcfedf7c193bc2c599,0x6b175474e89094c44da98b954eedeac495271d0f,3000,10092360,1589836736,0
59296,0x2346aa0832ea1c2b5fe60606eac9c61df44868a4,2,0x30bcd71b8d21fe830e493b30e90befba29de9114,0x7fc66500c84a76ad7e9c93437bfc5ac33e2ddae9,3000,11384573,1607063923,0
59801,0x239650663a422273c0b2c7a1f1a8bdab69e78d1b,2,0x6b3595068778dd592e39a122f4f5a5cf09c90fe2,0xa0b86991c6218b36c1d19d4a2e9eb0ce3606eb48,3000,11404082,1607322760,0
62496,0x2531331f7a2cd0eba74a3b23e1b761dfde21fc22,2,0x0d8775f648430679a709e98d2b0cb6250d2887ef,0x1f9840a85d5af5bf1d1762f925bdaddc4201f984,3000,10908175,1600722126,0
65028,0x26aad2da94c59524ac0d93f6d6cbf9071d7086f2,2,0x111111111117dc0aa78b770fa6a738034120c302,0xc02aaa39b223fe8d0a0e5c4f27ead9083c756cc2,3000,11519620,1608856758,0
71548,0x2a84e2bd2e961b1557d6e516ca647268b432cba4,3,0x6b175474e89094c44da98b954eedeac495271d0f,0x9f8f72aa9304c8b593d555f12ef6589cc3a579a2,3000,12375916,1620240133,60
73174,0x2b797191b77b7579a5c32027174d79ab7b725114,2,0x57ab1ec28d129707052df4df418d58a2d46d5f51,0x6b175474e89094c44da98b954eedeac495271d0f,3000,10111377,1590092681,0
78326,0x2e8daf55f212be91d3fa882cceab193a08fddeb2,3,0x0bc529c00c6401aef6d220be8c6ea1667f6ad93e,0xc02aaa39b223fe8d0a0e5c4f27ead9083c756cc2,10000,12379392,1620285798,200
79700,0x2f62f2b4c5fcd7570a709dec05d68ea19c82a9ec,3,0x95ad61b0a150d79219dcf64e1e6cc01f0b64c4ce,0xc02aaa39b223fe8d0a0e5c4f27ead9083c756cc2,3000,12376028,1620241691,60
80468,0x2fdbadf3c4d5a8666bc06645b8358ab803996e28,2,0x0bc529c00c6401aef6d220be8c6ea1667f6ad93e,0xc02aaa39b223fe8d0a0e5c4f27ead9083c756cc2,3000,10483166,1595071291,0
81122,0x3041cbd36888becc7bbcbc0045e3b1f144466f5f,2,0xa0b86991c6218b36c1d19d4a2e9eb0ce3606eb48,0xdac17f958d2ee523a2206206994597c13d831ec7,3000,10092378,1589837037,0
81237,0x30526288559f920ec20d79d9eb147ea330fe9809,2,0x6b3595068778dd592e39a122f4f5a5cf09c90fe2,0xc00e94cb662c3520282e6f5717214004a7f26888,3000,10782864,1599063617,0
84109,0x3209c64bf470fafecb8b87db3d8ac1baa3ecf629,3,0x514910771af9ca656af840dff83e8264ecf986ca,0x6b175474e89094c44da98b954eedeac495271d0f,500,12390654,1620437119,10
86625,0x3393e9b661e2c54b6c15e35d2774e16dc2887f96,2,0x111111111117dc0aa78b770fa6a738034120c302,0x2260fac5e5542a773aa44fbcfedf7c193bc2c599,3000,11565510,1609465626,0
87394,0x340a5a2f73ebaa181ec2826802fdf8ed21fc759a,2,0x9f8f72aa9304c8b593d555f12ef6589cc3a579a2,0xa0b86991c6218b36c1d19d4a2e9eb0ce3606eb48,3000,10166962,1590839362,0
87479,0x3416cf6c708da44db2624d63ea0aaef7113527c6,3,0xa0b86991c6218b36c1d19d4a2e9eb0ce3606eb48,0xdac17f958d2ee523a2206206994597c13d831ec7,100,13609065,1636825557,1
87698,0x343784ce525944077613015d81f59722bac141ef,3,0x6b175474e89094c44da98b954eedeac495271d0f,0x853d955acef822db058eb8505911ed77f175b99e,3000,12930034,1627689517,60
88077,0x3470447f3cecffac709d3e783a307790b0208d60,3,0x1f9840a85d5af5bf1d1762f925bdaddc4201f984,0xdac17f958d2ee523a2206206994597c13d831ec7,3000,12378852,1620278221,60
88989,0x34ff465ee92516e9855eb60f520df0384f410b45,3,0x57ab1ec28d129707052df4df418d58a2d46d5f51,0x853d955acef822db058eb8505911ed77f175b99e,500,13025632,1628975183,10
89154,0x35189a34c83162d4a41dda0bed6c9384a0b44db1,2,0x111111111117dc0aa78b770fa6a738034120c302,0x1f9840a85d5af5bf1d1762f925bdaddc4201f984,3000,12339674,1619756613,0
90789,0x360b9726186c0f62cc719450685ce70280774dc8,3,0x1f9840a85d5af5bf1d1762f925bdaddc4201f984,0xc02aaa39b223fe8d0a0e5c4f27ead9083c756cc2,10000,12376303,1620245030,200
92308,0x36f7273afb18a3f2fdd07e3ac1c28e65d7ea8f07,3,0x1f9840a85d5af5bf1d1762f925bdaddc4201f984,0xdac17f958d2ee523a2206206994597c13d831ec7,500,12669150,1624163718,10
95658,0x38e12fdd8dc51e48830863151e1afa7799e6fe97,2,0x6b175474e89094c44da98b954eedeac495271d0f,0x7fc66500c84a76ad7e9c93437bfc5ac33e2ddae9,3000,10982323,1601719198,0
96083,0x391e8501b626c623d39474afca6f9e46c2686649,3,0x2260fac5e5542a773aa44fbcfedf7c193bc2c599,0x6b175474e89094c44da98b954eedeac495271d0f,3000,12376110,1620242800,60
96425,0x39529e96c28807655b5856b3d342c6225111770e,3,0x0000000000085d4780b73119b644ae5ecd22b376,0xa0b86991c6218b36c1d19d4a2e9eb0ce3606eb48,100,14203618,1644832567,1
97636,0x3a0f221ea8b150f3d3d27de8928851ab5264bb65,3,0x514910771af9ca656af840dff83e8264ecf986ca,0xc02aaa39b223fe8d0a0e5c4f27ead9083c756cc2,10000,12376501,1620247745,200
99253,0x3afdc5e6dfc0b0a507a8e023c9dce2cafc310316,3,0x9f8f72aa9304c8b593d555f12ef6589cc3a579a2,0xc02aaa39b223fe8d0a0e5c4f27ead9083c756cc2,10000,12405633,1620636020,200
100491,0x3bb14627714a2b64b709e16c96d5e3ad8448ab56,3,0x111111111117dc0aa78b770fa6a738034120c302,0x2260fac5e5542a773aa44fbcfedf7c193bc2c599,3000,13721847,1638372407,60
102370,0x3cd132ac73a4043bb4f1674369e70be6f88edd73,2,0x0bc529c00c6401aef6d220be8c6ea1667f6ad93e,0x6b175474e89094c44da98b954eedeac495271d0f,3000,11289093,1605797502,0
103741,0x3da1313ae46132a397d90d95b1424a9a7e3e0fce,2,0xc02aaa39b223fe8d0a0e5c4f27ead9083c756cc2,0xd533a949740bb3306d119cc777fa900ba034cd52,3000,10654318,1597357263,0
106033,0x3eed0af1c5f350c6571525d9e3eeea7d2608af81,2,0xd533a949740bb3306d119cc777fa900ba034cd52,0xdac17f958d2ee523a2206206994597c13d831ec7,3000,10655290,1597370385,0
107666,0x3fe55d440adb6e07fa8e69451f5511d983882487,3,0x30bcd71b8d21fe830e493b30e90befba29de9114,0xc02aaa39b223fe8d0a0e5c4f27ead9083c756cc2,10000,12375729,1620237603,200
110544,0x419a0d9598a8219990242fcd5ec321a78ade9292,2,0x0bc529c00c6401aef6d220be8c6ea1667f6ad93e,0xd46ba6d942050d489dbd938a2c909a5d5039a161,3000,10711538,1598119072,0
112672,0x42e49c21e55a1f393a1b920bef2bc3cf8d022a23,3,0xd46ba6d942050d489dbd938a2c909a5d5039a161,0xdac17f958d2ee523a2206206994597c13d831ec7,10000,12389667,1620423808,200
116998,0x4585fe77225b41b697c938b018e2ac67ac5a20c0,3,0x2260fac5e5542a773aa44fbcfedf7c193bc2c599,0xc02aaa39b223fe8d0a0e5c4f27ead9083c756cc2,500,12376387,1620246230,10
117597,0x45df208b7965ba5322636a652861277c26802c5c,2,0x30bcd71b8d21fe830e493b30e90befba29de9114,0x514910771af9ca656af840dff83e8264ecf986ca,3000,11422326,1607565091,0
118567,0x4674abc5796e1334b5075326b39b748bee9eaa34,3,0x7fc66500c84a76ad7e9c93437bfc5ac33e2ddae9,0xc02aaa39b223fe8d0a0e5c4f27ead9083c756cc2,500,12383122,1620335866,10
120185,0x4768f4dfb46b26889ffaab881945bd7d340505c2,3,0x1f9840a85d5af5bf1d1762f925bdaddc4201f984,0x7fc66500c84a76ad7e9c93437bfc5ac33e2ddae9,500,12420208,1620831193,10
120245,0x4773e2c1c0b400a16dfec4ca6e305141859a5542,3,0x6b175474e89094c44da98b954eedeac495271d0f,0xdac17f958d2ee523a2206206994597c13d831ec7,3000,12804529,1625986483,60
120376,0x4786bb29a1589854204a4e62dcbe26a571224c0f,3,0xa0b86991c6218b36c1d19d4a2e9eb0ce3606eb48,0xc00e94cb662c3520282e6f5717214004a7f26888,10000,13194470,1631228979,200
120720,0x47bde1364cb8cfe45b59e261cc66aa551f1f7954,3,0xa0b86991c6218b36c1d19d4a2e9eb0ce3606eb48,0xd533a949740bb3306d119cc777fa900ba034cd52,3000,14297903,1646094908,60
122142,0x48978ef5beb2d69e27def9c046cebe18ab5708ad,2,0x2260fac5e5542a773aa44fbcfedf7c193bc2c599,0x7fc66500c84a76ad7e9c93437bfc5ac33e2ddae9,3000,11481417,1608351014,0
123402,0x49604b4bc98f1196d4b2116f8a1fac64ab69cef8,2,0x0bc529c00c6401aef6d220be8c6ea1667f6ad93e,0x7fc66500c84a76ad7e9c93437bfc5ac33e2ddae9,3000,11476214,1608281417,0
128725,0x4c83a7f819a5c37d64b4c5a2f8238ea082fa1f4e,3,0xc02aaa39b223fe8d0a0e5c4f27ead9083c756cc2,0xd533a949740bb3306d119cc777fa900ba034cd52,10000,12376543,1620248430,200
129735,0x4d1ad4a9e61bc0e5529d64f38199ccfca56f5a42,3,0x7fc66500c84a76ad7e9c93437bfc5ac33e2ddae9,0xdac17f958d2ee523a2206206994597c13d831ec7,3000,12376642,1620249609,60
131919,0x4e68ccd3e89f51c3074ca5072bbac773960dfa36,3,0xc02aaa39b223fe8d0a0e5c4f27ead9083c756cc2,0xdac17f958d2ee523a2206206994597c13d831ec7,3000,12375326,1620232628,60
131945,0x4e6e41306c7ef6e53ecdb34e3155c73fcb7869f3,2,0x6b175474e89094c44da98b954eedeac495271d0f,0x95ad61b0a150d79219dcf64e1e6cc01f0b64c4ce,3000,12263827,1618745560,0
137102,0x517f9dd285e75b599234f7221227339478d0fcc8,2,0x6b175474e89094c44da98b954eedeac495271d0f,0x9f8f72aa9304c8b593d555f12ef6589cc3a579a2,3000,10211213,1591433592,0
138024,0x52146a769ac02bdb737cecd8712515da746ece7f,2,0x1f9840a85d5af5bf1d1762f925bdaddc4201f984,0x2b591e99afe9f32eaa6214f7b7629768c40eeb39,3000,10894205,1600538820,0
142424,0x54a98708169b9c0142a442a6c30b52a7798b7f98,3,0x30bcd71b8d21fe830e493b30e90befba29de9114,0xa0b86991c6218b36c1d19d4a2e9eb0ce3606eb48,10000,12762229,1625417668,200
143995,0x5598931bfbb43eec686fa4b5b92b5152ebadc2f6,3,0xc00e94cb662c3520282e6f5717214004a7f26888,0xc02aaa39b223fe8d0a0e5c4f27ead9083c756cc2,10000,12370256,1620164375,200
144379,0x55d5c232d921b9eaa6b37b5845e439acd04b4dba,2,0x2b591e99afe9f32eaa6214f7b7629768c40eeb39,0xc02aaa39b223fe8d0a0e5c4f27ead9083c756cc2,3000,10091432,1589824189,0
144534,0x55ec9256077a311256b2daf81f70c0992d9fbd66,3,0x514910771af9ca656af840dff83e8264ecf986ca,0xdac17f958d2ee523a2206206994597c13d831ec7,500,12669161,1624163978,10
145165,0x56534741cd8b152df6d48adf7ac51f75169a83b2,3,0x2260fac5e5542a773aa44fbcfedf7c193bc2c599,0xdac17f958d2ee523a2206206994597c13d831ec7,500,12601886,1623262870,10
146993,0x5764a6f2212d502bc5970f9f129ffcd61e5d7563,3,0x95ad61b0a150d79219dcf64e1e6cc01f0b64c4ce,0xc02aaa39b223fe8d0a0e5c4f27ead9083c756cc2,10000,12376297,1620244947,200
147129,0x5777d92f208679db4b9778590fa3cab3ac9e2168,3,0x6b175474e89094c44da98b954eedeac495271d0f,0xa0b86991c6218b36c1d19d4a2e9eb0ce3606eb48,100,13605124,1636771503,1
147734,0x57d7d040438730d4029794799deed8601e23ff80,3,0x1f9840a85d5af5bf1d1762f925bdaddc4201f984,0x6b175474e89094c44da98b954eedeac495271d0f,500,12383330,1620338402,10
149394,0x58ce2c05f73f64b6b23d2fc2a20424d5061f473f,2,0x0bc529c00c6401aef6d220be8c6ea1667f6ad93e,0x111111111117dc0aa78b770fa6a738034120c302,3000,11526981,1608955354,0
149413,0x58d1e10796d95f60e27aa0c6af98fee7cdc8e3a6,2,0x111111111117dc0aa78b770fa6a738034120c302,0xa0b86991c6218b36c1d19d4a2e9eb0ce3606eb48,3000,11519705,1608857789,0
151007,0x59c38b6775ded821f010dbd30ecabdcf84e04756,3,0x1f9840a85d5af5bf1d1762f925bdaddc4201f984,0x7fc66500c84a76ad7e9c93437bfc5ac33e2ddae9,3000,12503957,1621951885,60
151131,0x59d8e2fd24b56a31eb6ac4b5ba749d120a7d1480,3,0xa0b86991c6218b36c1d19d4a2e9eb0ce3606eb48,0xa47c8bf37f92abed4a126bda807a7b7498661acd,10000,14763568,1652392542,200
152027,0x5a59e4e647a3acc42b01715f3a1d271c1f7e7aeb,3,0x2260fac5e5542a773aa44fbcfedf7c193bc2c599,0xdac17f958d2ee523a2206206994597c13d831ec7,10000,12601886,1623262870,200
152584,0x5ab53ee1d50eef2c1dd3d5402789cd27bb52c1bb,3,0x7fc66500c84a76ad7e9c93437bfc5ac33e2ddae9,0xc02aaa39b223fe8d0a0e5c4f27ead9083c756cc2,3000,12375644,1620236624,60
152666,0x5ac13261c181a9c3938bfe1b649e65d10f98566b,2,0x1f9840a85d5af5bf1d1762f925bdaddc4201f984,0xdac17f958d2ee523a2206206994597c13d831ec7,3000,10877248,1600313688,0
153565,0x5b4cf5d968ba123fb5d1385c1d792d8a7a019876,3,0x2b591e99afe9f32eaa6214f7b7629768c40eeb39,0xdac17f958d2ee523a2206206994597c13d831ec7,3000,12629885,1623637285,60
155045,0x5c28b5f471d97f53fcf132f16f9f3c0c888c1a01,3,0x2b591e99afe9f32eaa6214f7b7629768c40eeb39,0x6b175474e89094c44da98b954eedeac495271d0f,3000,12573026,1622876678,60
156110,0x5cccad2332292cd5882365bb3584424241ab2210,3,0x9f8f72aa9304c8b593d555f12ef6589cc3a579a2,0xdac17f958d2ee523a2206206994597c13d831ec7,3000,12380221,1620297122,60
157032,0x5d4f3c6fa16908609bac31ff148bd002aa6b8c83,3,0x514910771af9ca656af840dff83e8264ecf986ca,0xc02aaa39b223fe8d0a0e5c4f27ead9083c756cc2,500,12376368,1620245940,10
157212,0x5d6b0bf54e09b522975b069060c180e17249c554,3,0x1f9840a85d5af5bf1d1762f925bdaddc4201f984,0x30bcd71b8d21fe830e493b30e90befba29de9114,500,13561755,1636184620,10
158955,0x5e72d187505367976ee83010bad667d39acba569,3,0x0d8775f648430679a709e98d2b0cb6250d2887ef,0x6b175474e89094c44da98b954eedeac495271d0f,3000,13332701,1633081415,60
159398,0x5eb837c4b76239dcbe770be1de9a198b98078faf,3,0x0bc529c00c6401aef6d220be8c6ea1667f6ad93e,0xc02aaa39b223fe8d0a0e5c4f27ead9083c756cc2,500,12754491,1625313769,10
161232,0x5fd8e3112676f69a3613c19597778e6f7a902d7c,2,0x1f9840a85d5af5bf1d1762f925bdaddc4201f984,0x30bcd71b8d21fe830e493b30e90befba29de9114,3000,11140733,1603829767,0
161694,0x601f7efaca945bdba9cbcc6d1ebb22e04d0a1f2d,3,0x1f9840a85d5af5bf1d1762f925bdaddc4201f984,0xd46ba6d942050d489dbd938a2c909a5d5039a161,3000,12378190,1620269787,60
162087,0x60594a405d53811d3bc4766596efd80fd545a270,3,0x6b175474e89094c44da98b954eedeac495271d0f,0xc02aaa39b223fe8d0a0e5c4f27ead9083c756cc2,500,12375738,1620237823,10
162399,0x60877a93d2c4e6c94efa0c90a10f1279e02052f3,2,0x514910771af9ca656af840dff83e8264ecf986ca,0xd46ba6d942050d489dbd938a2c909a5d5039a161,3000,10432963,1594400076,0
162825,0x60c791aedb256c67ec2e3aa419afa3f409d0614c,2,0x0d8775f648430679a709e98d2b0cb6250d2887ef,0xa91c82b6933105c23298e631a0c1be751d239162,3000,11710765,1611390873,0
163741,0x615cc08df9084e3fac80fe19045a55612185b6a4,2,0x0000000000085d4780b73119b644ae5ecd22b376,0xdac17f958d2ee523a2206206994597c13d831ec7,3000,10595412,1596572474,0
164004,0x618004783d422dfb792d07d742549d5a24648df2,3,0x2260fac5e5542a773aa44fbcfedf7c193bc2c599,0x514910771af9ca656af840dff83e8264ecf986ca,3000,12447152,1621190362,60
164572,0x61d8d4324e06408386251dcf6bf77f0ebccbf591,3,0x6b175474e89094c44da98b954eedeac495271d0f,0xd46ba6d942050d489dbd938a2c909a5d5039a161,3000,12553506,1622616593,60
165633,0x62773f00cd3e0df3d70beca5aee342b0151fe78a,3,0x111111111117dc0aa78b770fa6a738034120c302,0xa0b86991c6218b36c1d19d4a2e9eb0ce3606eb48,500,12555105,1622636960,10
168411,0x642a101709e48d986844656f6ec7586bed71bedd,2,0x853d955acef822db058eb8505911ed77f175b99e,0xdac17f958d2ee523a2206206994597c13d831ec7,3000,11465716,1608142210,0
169156,0x649caaf37f36e67d1129c0fd6c6539d390ca2b82,3,0x2260fac5e5542a773aa44fbcfedf7c193bc2c599,0x6b175474e89094c44da98b954eedeac495271d0f,10000,12609297,1623361587,200
170529,0x656f1e128954ff98b5247965272f4813a5d58c0d,2,0x1f9840a85d5af5bf1d1762f925bdaddc4201f984,0xa91c82b6933105c23298e631a0c1be751d239162,3000,11711128,1611395771,0
170653,0x6580e58ded2b562cf5dfa361956f6854f5cab507,2,0x1f9840a85d5af5bf1d1762f925bdaddc4201f984,0x6b3595068778dd592e39a122f4f5a5cf09c90fe2,3000,10927616,1600980998,0
171148,0x65cc29d2e912827e6c1a53a5d18a7c23c9d2920d,2,0x0d8775f648430679a709e98d2b0cb6250d2887ef,0x2260fac5e5542a773aa44fbcfedf7c193bc2c599,3000,11046606,1602583147,0
172454,0x668fd4a51bc62dfc83cf5439ee5fda897a8733c6,3,0xa0b86991c6218b36c1d19d4a2e9eb0ce3606eb48,0xa47c8bf37f92abed4a126bda807a7b7498661acd,3000,12711851,1624740507,60
173743,0x674e114dad81838d151d9beda2271228eeae0e8b,2,0x7fc66500c84a76ad7e9c93437bfc5ac33e2ddae9,0xa0b86991c6218b36c1d19d4a2e9eb0ce3606eb48,3000,10980648,1601696685,0
176192,0x68c5ea31aefe12713642aec96999df9319942641,3,0xc00e94cb662c3520282e6f5717214004a7f26888,0xdac17f958d2ee523a2206206994597c13d831ec7,3000,12788150,1625766779,60
176852,0x6929abd7931d0243777d3cd147fe863646a752ba,2,0x0d8775f648430679a709e98d2b0cb6250d2887ef,0x6b175474e89094c44da98b954eedeac495271d0f,3000,10092480,1589838524,0
177166,0x6958686b6348c3d6d5f2dca3106a5c09c156873a,3,0x6b175474e89094c44da98b954eedeac495271d0f,0xa0b86991c6218b36c1d19d4a2e9eb0ce3606eb48,10000,12406636,1620650027,200
178023,0x69d91b94f0aaf8e8a2586909fa77a5c2c89818d5,3,0x2b591e99afe9f32eaa6214f7b7629768c40eeb39,0xa0b86991c6218b36c1d19d4a2e9eb0ce3606eb48,3000,12376598,1620249059,60
179295,0x6a9850e46518231b23e50467c975fa94026be5d5,3,0x57ab1ec28d129707052df4df418d58a2d46d5f51,0xa0b86991c6218b36c1d19d4a2e9eb0ce3606eb48,500,12415305,1620765406,10
179461,0x6ab3bba2f41e7eaa262fa5a1a9b3932fa161526f,3,0x2260fac5e5542a773aa44fbcfedf7c193bc2c599,0xc02aaa39b223fe8d0a0e5c4f27ead9083c756cc2,10000,12376536,1620248310,200
180857,0x6b87ae649a3dd9e6a5b8bbab790e04610df07bfe,2,0xa91c82b6933105c23298e631a0c1be751d239162,0xdac17f958d2ee523a2206206994597c13d831ec7,3000,11837300,1613073503,0
182310,0x6c6bc977e13df9b0de53b251522280bb72383700,3,0x6b175474e89094c44da98b954eedeac495271d0f,0xa0b86991c6218b36c1d19d4a2e9eb0ce3606eb48,500,12369760,1620158293,10
183780,0x6d4fd456edeca58cf53a8b586cd50754547dbdb2,2,0x514910771af9ca656af840dff83e8264ecf986ca,0x6b175474e89094c44da98b954eedeac495271d0f,3000,10092435,1589837857,0
185212,0x6e2a6e92d1c0df4fbf7b35e9aebf2e681c9e6f5f,3,0x57ab1ec28d129707052df4df418d58a2d46d5f51,0xc02aaa39b223fe8d0a0e5c4f27ead9083c756cc2,3000,12386724,1620384806,60
186987,0x6f48eca74b38d2936b02ab603ff4e36a6c0e3a77,3,0x6b175474e89094c44da98b954eedeac495271d0f,0xdac17f958d2ee523a2206206994597c13d831ec7,500,12370078,1620162016,10
187399,0x6f81d90e771b551451382b4c8b41c86b978d3420,2,0xa0b86991c6218b36c1d19d4a2e9eb0ce3606eb48,0xc00e94cb662c3520282e6f5717214004a7f26888,3000,10274147,1592274364,0
190356,0x714b8443d0ada18ece1fce5702567e313bfa8f29,3,0x0000000000085d4780b73119b644ae5ecd22b376,0xc02aaa39b223fe8d0a0e5c4f27ead9083c756cc2,3000,12496933,1621858530,60
190945,0x71aa44cbed2ca17077aee7c5087e86a53fc01f6e,2,0x1f9840a85d5af5bf1d1762f925bdaddc4201f984,0xd533a949740bb3306d119cc777fa900ba034cd52,3000,11011196,1602108868,0
193063,0x72ef722d2a6c3b72e6113b6f3f1c62c75aa152e5,2,0x9f8f72aa9304c8b593d555f12ef6589cc3a579a2,0xc00e94cb662c3520282e6f5717214004a7f26888,3000,10463046,1594801999,0
194255,0x73a6a761fe483ba19debb8f56ac5bbf14c0cdad1,3,0x6b3595068778dd592e39a122f4f5a5cf09c90fe2,0xc02aaa39b223fe8d0a0e5c4f27ead9083c756cc2,3000,12376525,1620248096,60
198546,0x763b6bac642cd2a754636306cb1c603db0da42bf,3,0x30bcd71b8d21fe830e493b30e90befba29de9114,0x6b175474e89094c44da98b954eedeac495271d0f,500,13561728,1636184248,10
199052,0x7682fb133f1e50874cb5cb943b3fcc42808a675b,2,0x111111111117dc0aa78b770fa6a738034120c302,0xa91c82b6933105c23298e631a0c1be751d239162,3000,12370444,1620166849,0
199569,0x76d06b1ad16b582bfe8f68f42cd9e836026e79e3,2,0x57ab1ec28d129707052df4df418d58a2d46d5f51,0xd533a949740bb3306d119cc777fa900ba034cd52,3000,11342701,1606509573,0
200260,0x773dd321873fe70553acc295b1b49a104d968cc8,2,0x95ad61b0a150d79219dcf64e1e6cc01f0b64c4ce,0xdac17f958d2ee523a2206206994597c13d831ec7,3000,10581086,1596380606,0
200452,0x775d0c18b291b889ab3d7f16338183bbfaf63f7a,3,0x0bc529c00c6401aef6d220be8c6ea1667f6ad93e,0x2260fac5e5542a773aa44fbcfedf7c193bc2c599,3000,12414246,1620751419,60
202114,0x7858e59e0c01ea06df3af3d20ac7b0003275d4bf,3,0xa0b86991c6218b36c1d19d4a2e9eb0ce3606eb48,0xdac17f958d2ee523a2206206994597c13d831ec7,500,12369863,1620159478,10
206227,0x7ac54407a88599612b7ed37cc3144242d1006bcb,2,0x2260fac5e5542a773aa44fbcfedf7c193bc2c599,0xa91c82b6933105c23298e631a0c1be751d239162,3000,11593624,1609837771,0
208179,0x7bea39867e4169dbe237d55c8242a8f2fcdcc387,3,0xa0b86991c6218b36c1d19d4a2e9eb0ce3606eb48,0xc02aaa39b223fe8d0a0e5c4f27ead9083c756cc2,10000,12369811,1620158865,200
208591,0x7c251f4f998425aacabe84e716ec7ae73b275926,2,0x111111111117dc0aa78b770fa6a738034120c302,0x7fc66500c84a76ad7e9c93437bfc5ac33e2ddae9,3000,11689091,1611103424,0
210005,0x7cf70ed6213f08b70316bd80f7c2dddc94e41ac5,3,0x1f9840a85d5af5bf1d1762f925bdaddc4201f984,0x6b175474e89094c44da98b954eedeac495271d0f,3000,12376406,1620246507,60
211402,0x7dd337d3451472e6c94dec8f7c65e41e200f135f,2,0x0000000000085d4780b73119b644ae5ecd22b376,0xd46ba6d942050d489dbd938a2c909a5d5039a161,3000,10460209,1594764262,0
214576,0x7fa64a4be88f9a66401c4a9cce6b0560e5503f17,2,0x6b3595068778dd592e39a122f4f5a5cf09c90fe2,0xd46ba6d942050d489dbd938a2c909a5d5039a161,3000,10827357,1599652526,0
214995,0x7fe29551bfb700d3ee801eea1a689525d1ea4f58,2,0x1f9840a85d5af5bf1d1762f925bdaddc4201f984,0xd46ba6d942050d489dbd938a2c909a5d5039a161,3000,10989959,1601821904,0
214998,0x7fe2d29a68b6dc56a54a665edef47dacef97b4b5,3,0x2b591e99afe9f32eaa6214f7b7629768c40eeb39,0x514910771af9ca656af840dff83e8264ecf986ca,10000,14490550,1648683977,200
217072,0x811beed0119b4afce20d2583eb608c6f7af1954f,2,0x95ad61b0a150d79219dcf64e1e6cc01f0b64c4ce,0xc02aaa39b223fe8d0a0e5c4f27ead9083c756cc2,3000,10569599,1596228131,0
219131,0x8259ca230b5fcefc9d1769802d8c8a4e4cadc9e9,2,0x514910771af9ca656af840dff83e8264ecf986ca,0xa91c82b6933105c23298e631a0c1be751d239162,3000,12937411,1627790633,0
219325,0x82743c07bf3be4d55876f87bca6cce5f84429bd0,3,0x2b591e99afe9f32eaa6214f7b7629768c40eeb39,0xc02aaa39b223fe8d0a0e5c4f27ead9083c756cc2,10000,12430067,1620962158,200
220734,0x83503be303ff0e05a5d6dcd1c2a3bd589fb0ded4,2,0xd46ba6d942050d489dbd938a2c909a5d5039a161,0xdac17f958d2ee523a2206206994597c13d831ec7,3000,10397354,1593925033,0
220942,0x8370b441a9c4d31d5e93f2d1f6556d020fdb609f,3,0x30bcd71b8d21fe830e493b30e90befba29de9114,0xc02aaa39b223fe8d0a0e5c4f27ead9083c756cc2,100,13649843,1637383205,1
221522,0x83c72bf7c69795b53497db3d214b4e42362f1b5e,2,0x1f9840a85d5af5bf1d1762f925bdaddc4201f984,0xc00e94cb662c3520282e6f5717214004a7f26888,3000,10943887,1601199839,0
225543,0x862d12ebd188aab3f7646efa9c520cd436d6ef6e,2,0x6b175474e89094c44da98b954eedeac495271d0f,0x853d955acef822db058eb8505911ed77f175b99e,3000,11499249,1608586922,0
226156,0x868b7bbbfe148516e5397f23982923686182c2d2,3,0xa47c8bf37f92abed4a126bda807a7b7498661acd,0xdac17f958d2ee523a2206206994597c13d831ec7,500,12378341,1620271655,10
226626,0x86d257cdb7bc9c0df10e84c8709697f92770b335,3,0xc02aaa39b223fe8d0a0e5c4f27ead9083c756cc2,0xd46ba6d942050d489dbd938a2c909a5d5039a161,3000,12376512,1620247867,60
228718,0x881d5c98866a08f90a6f60e3f94f0e461093d049,2,0x95ad61b0a150d79219dcf64e1e6cc01f0b64c4ce,0xa0b86991c6218b36c1d19d4a2e9eb0ce3606eb48,3000,11773892,1612230132,0
228939,0x88416bd15e3ef6493aa539a22e0ed12a1e9663e3,3,0x853d955acef822db058eb8505911ed77f175b99e,0xa47c8bf37f92abed4a126bda807a7b7498661acd,500,13025641,1628975379,10
229140,0x886072a44bdd944495eff38ace8ce75c1eacdaf6,3,0x9f8f72aa9304c8b593d555f12ef6589cc3a579a2,0xc02aaa39b223fe8d0a0e5c4f27ead9083c756cc2,500,12369879,1620159675,10
230041,0x88e6a0c2ddd26feeb64f039a2c41296fcb3f5640,3,0xa0b86991c6218b36c1d19d4a2e9eb0ce3606eb48,0xc02aaa39b223fe8d0a0e5c4f27ead9083c756cc2,500,12376729,1620250931,10
230878,0x896679921d2c9e0696d8c9cf2affcfb67fdae806,2,0x2260fac5e5542a773aa44fbcfedf7c193bc2c599,0x30bcd71b8d21fe830e493b30e90befba29de9114,3000,11220601,1604889118,0
231927,0x8a01ba64fbc7b12ee13f817dfa862881fec531b8,2,0x2260fac5e5542a773aa44fbcfedf7c193bc2c599,0x514910771af9ca656af840dff83e8264ecf986ca,3000,10091747,1589828763,0
233323,0x8ad599c3a0ff1de082011efddc58f1908eb6e6d8,3,0xa0b86991c6218b36c1d19d4a2e9eb0ce3606eb48,0xc02aaa39b223fe8d0a0e5c4f27ead9083c756cc2,3000,12370624,1620169800,60
238792,0x8e26e2fc8140280fba3e34bfdca7fc1102c1ae04,3,0xd533a949740bb3306d119cc777fa900ba034cd52,0xdac17f958d2ee523a2206206994597c13d831ec7,10000,12376633,1620249528,200
239694,0x8eb3051b6bbcc301800c74ef34a7d5b6b23aa5f2,2,0x111111111117dc0aa78b770fa6a738034120c302,0x6b3595068778dd592e39a122f4f5a5cf09c90fe2,3000,11886625,1613728462,0
240281,0x8f0cb37cdff37e004e0088f563e5fe39e05ccc5b,3,0x1f9840a85d5af5bf1d1762f925bdaddc4201f984,0x2260fac5e5542a773aa44fbcfedf7c193bc2c599,3000,12386562,1620382281,60
244620,0x919fa96e88d67499339577fa202345436bcdaf79,3,0xc02aaa39b223fe8d0a0e5c4f27ead9083c756cc2,0xd533a949740bb3306d119cc777fa900ba034cd52,3000,12376283,1620244722,60
246227,0x92995d179a5528334356cb4dc5c6cbb1c068696c,3,0xa0b86991c6218b36c1d19d4a2e9eb0ce3606eb48,0xa47c8bf37f92abed4a126bda807a7b7498661acd,500,12376505,1620247806,10
246537,0x92c7b5ce4cb0e5483f3365c1449f21578ee9f21a,3,0x853d955acef822db058eb8505911ed77f175b99e,0xc02aaa39b223fe8d0a0e5c4f27ead9083c756cc2,3000,12378320,1620271559,60
247580,0x936198fcac6d8cdec3815f24ba250041f593f6c3,3,0x9f8f72aa9304c8b593d555f12ef6589cc3a579a2,0xa0b86991c6218b36c1d19d4a2e9eb0ce3606eb48,500,12760969,1625401125,10
248950,0x942be9e8a12cfaaf997cd266487eaf8553b119d2,2,0xc00e94cb662c3520282e6f5717214004a7f26888,0xdac17f958d2ee523a2206206994597c13d831ec7,3000,10298887,1592605694,0
249144,0x9445bd19767f73dcae6f2de90e6cd31192f62589,3,0xa0b86991c6218b36c1d19d4a2e9eb0ce3606eb48,0xd533a949740bb3306d119cc777fa900ba034cd52,10000,12704836,1624645773,200
250125,0x94e4b2e24523cf9b3e631a6943c346df9687c723,3,0x95ad61b0a150d79219dcf64e1e6cc01f0b64c4ce,0xc02aaa39b223fe8d0a0e5c4f27ead9083c756cc2,500,12390467,1620434555,10
253408,0x96da3b8edea72329c791d9baf5521909791df560,2,0x2260fac5e5542a773aa44fbcfedf7c193bc2c599,0x2b591e99afe9f32eaa6214f7b7629768c40eeb39,3000,11147870,1603923956,0
254011,0x973a67726227ce2747d5710eb44a53fb9abfd02a,3,0x6b175474e89094c44da98b954eedeac495271d0f,0xa47c8bf37f92abed4a126bda807a7b7498661acd,500,12439103,1621083505,10
254419,0x9773f438f0856099411fbbc0c964873b214b7406,2,0x0d8775f648430679a709e98d2b0cb6250d2887ef,0x514910771af9ca656af840dff83e8264ecf986ca,3000,10464337,1594819447,0
254906,0x97c4adc5d28a86f9470c70dd91dc6cc2f20d2d4d,2,0x853d955acef822db058eb8505911ed77f175b99e,0xa0b86991c6218b36c1d19d4a2e9eb0ce3606eb48,3000,11465713,1608142156,0
255140,0x97e7d56a0408570ba1a7852de36350f7713906ec,3,0x6b175474e89094c44da98b954eedeac495271d0f,0x853d955acef822db058eb8505911ed77f175b99e,500,12523889,1622219225,10
256828,0x98e45940d0c76898f5659b8fc78895f35a39eb43,3,0x2260fac5e5542a773aa44fbcfedf7c193bc2c599,0x7fc66500c84a76ad7e9c93437bfc5ac33e2ddae9,3000,12437981,1621068538,60
258108,0x99ac8ca7087fa4a2a1fb6357269965a2014abc35,3,0x2260fac5e5542a773aa44fbcfedf7c193bc2c599,0xa0b86991c6218b36c1d19d4a2e9eb0ce3606eb48,3000,12376048,1620241995,60
259478,0x9a772018fbd77fcd2d25657e5c547baff3fd7d16,3,0x2260fac5e5542a773aa44fbcfedf7c193bc2c599,0xa0b86991c6218b36c1d19d4a2e9eb0ce3606eb48,500,12561607,1622724075,10
259541,0x9a834b70c07c81a9fcd6f22e842bf002fbffbe4d,3,0x853d955acef822db058eb8505911ed77f175b99e,0xa0b86991c6218b36c1d19d4a2e9eb0ce3606eb48,100,14568875,1649741477,1
260617,0x9b2662dc8b80b0fe79310ad316b943cb5bb15e8b,2,0x1f9840a85d5af5bf1d1762f925bdaddc4201f984,0x514910771af9ca656af840dff83e8264ecf986ca,3000,10883464,1600395259,0
262464,0x9c3e0e151a495c4921a5412241d29520eb5786c0,3,0x1f9840a85d5af5bf1d1762f925bdaddc4201f984,0x6b3595068778dd592e39a122f4f5a5cf09c90fe2,10000,12384470,1620354480,200
264951,0x9db10c305c671153662119d453c4d2c123725566,2,0x514910771af9ca656af840dff83e8264ecf986ca,0xdac17f958d2ee523a2206206994597c13d831ec7,3000,10642636,1597202520,0
264967,0x9db3311d68144996706e90892bf15958402d7670,3,0x6b175474e89094c44da98b954eedeac495271d0f,0xd46ba6d942050d489dbd938a2c909a5d5039a161,500,12553615,1622618099,10
265009,0x9db9e0e53058c89e5b94e29621a205198648425b,3,0x2260fac5e5542a773aa44fbcfedf7c193bc2c599,0xdac17f958d2ee523a2206206994597c13d831ec7,3000,12376091,1620242513,60
265518,0x9e0905249ceefffb9605e034b534544684a58be6,3,0x2b591e99afe9f32eaa6214f7b7629768c40eeb39,0xc02aaa39b223fe8d0a0e5c4f27ead9083c756cc2,3000,12376166,1620243384,60
265567,0x9e0f4648d2cc986196580184ed9459aba16262bf,2,0xa91c82b6933105c23298e631a0c1be751d239162,0xc02aaa39b223fe8d0a0e5c4f27ead9083c756cc2,3000,11711315,1611398286,0
267262,0x9f178e86e42ddf2379cb3d2acf9ed67a1ed2550a,3,0x1f9840a85d5af5bf1d1762f925bdaddc4201f984,0x514910771af9ca656af840dff83e8264ecf986ca,3000,12378853,1620278229,60
268655,0x9febc984504356225405e26833608b17719c82ae,3,0x111111111117dc0aa78b770fa6a738034120c302,0xa0b86991c6218b36c1d19d4a2e9eb0ce3606eb48,10000,12376706,1620250614,200
269861,0xa0a44777b4b95364990fbb29c42990ac24bb9c43,2,0x0d8775f648430679a709e98d2b0cb6250d2887ef,0xd46ba6d942050d489dbd938a2c909a5d5039a161,3000,10402863,1593998228,0
270951,0xa1444ac5b8ac4f20f748558fe4e848087f528e00,2,0x5f64ab1544d28732f0a24f4713c2c8ec0da089f0,0xc02aaa39b223fe8d0a0e5c4f27ead9083c756cc2,3000,10864522,1600145240,0
271015,0xa14dfbaa23ee8e8b69878381f8fd1d0bc502c043,2,0x9f8f72aa9304c8b593d555f12ef6589cc3a579a2,0xdac17f958d2ee523a2206206994597c13d831ec7,3000,10403499,1594006690,0
271126,0xa15cc73e881c06d8db06b50b7a3688b763c18350,3,0x95ad61b0a150d79219dcf64e1e6cc01f0b64c4ce,0xa0b86991c6218b36c1d19d4a2e9eb0ce3606eb48,10000,12666569,1624129145,200
272311,0xa2107fa5b38d9bbd2c461d6edf11b11a50f6b974,2,0x514910771af9ca656af840dff83e8264ecf986ca,0xc02aaa39b223fe8d0a0e5c4f27ead9083c756cc2,3000,10091428,1589824102,0
272384,0xa21ed0af81d7cdaebd06d1150c166821cfcd64ff,3,0x111111111117dc0aa78b770fa6a738034120c302,0xdac17f958d2ee523a2206206994597c13d831ec7,10000,13134972,1630434954,200
273718,0xa2e85cf795a7286e57cb019690df6ada8063ac0a,3,0xa0b86991c6218b36c1d19d4a2e9eb0ce3606eb48,0xd46ba6d942050d489dbd938a2c909a5d5039a161,10000,13472304,1634971931,200
273737,0xa2ea4d31e02d954aec68345b922bbe06d8f9ba6c,3,0x2b591e99afe9f32eaa6214f7b7629768c40eeb39,0xa0b86991c6218b36c1d19d4a2e9eb0ce3606eb48,500,12628853,1623623821,10
276318,0xa478c2975ab1ea89e8196811f51a7b7ade33eb11,2,0x6b175474e89094c44da98b954eedeac495271d0f,0xc02aaa39b223fe8d0a0e5c4f27ead9083c756cc2,3000,10042267,1589164213,0
279330,0xa63b490aa077f541c9d64bfc1cc0db2a752157b5,3,0x6b175474e89094c44da98b954eedeac495271d0f,0xa0b86991c6218b36c1d19d4a2e9eb0ce3606eb48,3000,12387129,1620390419,60
280176,0xa6b9a13b34db2a00284299c47dacf49fb62c1755,3,0x1f9840a85d5af5bf1d1762f925bdaddc4201f984,0x514910771af9ca656af840dff83e8264ecf986ca,10000,12376533,1620248267,200
280313,0xa6cc3c2531fdaa6ae1a3ca84c2855806728693e8,3,0x514910771af9ca656af840dff83e8264ecf986ca,0xc02aaa39b223fe8d0a0e5c4f27ead9083c756cc2,3000,12375680,1620237038,60
282454,0xa80964c5bbd1a0e95777094420555fead1a26c1e,3,0x6b175474e89094c44da98b954eedeac495271d0f,0xc02aaa39b223fe8d0a0e5c4f27ead9083c756cc2,10000,12376022,1620241619,200
284498,0xa93eb5b410b651514a18724872306f5ce9928dde,3,0x2260fac5e5542a773aa44fbcfedf7c193bc2c599,0x6b175474e89094c44da98b954eedeac495271d0f,500,12609297,1623361587,10
286658,0xaa873c9da6541f13c89416c17271b4c21bf7b2d7,2,0x1f9840a85d5af5bf1d1762f925bdaddc4201f984,0x2260fac5e5542a773aa44fbcfedf7c193bc2c599,3000,10883689,1600398501,0
287673,0xab2044f105c43c25b1de3ee27504f0b889ce5953,3,0x1f9840a85d5af5bf1d1762f925bdaddc4201f984,0xa0b86991c6218b36c1d19d4a2e9eb0ce3606eb48,500,12529740,1622298075,10
287726,0xab2a4115112a4dd7dbe8f1acfda9f591668d850d,2,0xa0b86991c6218b36c1d19d4a2e9eb0ce3606eb48,0xa47c8bf37f92abed4a126bda807a7b7498661acd,3000,12181495,1617650204,0
289708,0xac5a2c404ebba22a869998089ac7893ff4e1f0a7,3,0x514910771af9ca656af840dff83e8264ecf986ca,0xdac17f958d2ee523a2206206994597c13d831ec7,3000,12517336,1622131659,60
290500,0xacd2556f64d4be9aaa205278895653d3e6d639ae,2,0x0bc529c00c6401aef6d220be8c6ea1667f6ad93e,0xdac17f958d2ee523a2206206994597c13d831ec7,3000,10887657,1600451864,0
292935,0xae461ca67b15dc8dc81ce7615e0320da1a9ab8d5,2,0x6b175474e89094c44da98b954eedeac495271d0f,0xa0b86991c6218b36c1d19d4a2e9eb0ce3606eb48,3000,10060832,1589413139,0
293116,0xae614a7a56cb79c04df2aeba6f5dab80a39ca78e,3,0x0d8775f648430679a709e98d2b0cb6250d2887ef,0xc02aaa39b223fe8d0a0e5c4f27ead9083c756cc2,3000,12375964,1620240807,60
293688,0xaeac4a9ba7df813b5e6b24c0a76b7390a80a28b1,3,0x111111111117dc0aa78b770fa6a738034120c302,0xc02aaa39b223fe8d0a0e5c4f27ead9083c756cc2,500,12633461,1623685756,10
297017,0xb0a539bea1787813359fb9af8e2efd35dd35a744,2,0x57ab1ec28d129707052df4df418d58a2d46d5f51,0xdac17f958d2ee523a2206206994597c13d831ec7,3000,10399545,1593954421,0
297264,0xb0cc75ed5aabb0acce7cbf0302531bb260d259c4,3,0x95ad61b0a150d79219dcf64e1e6cc01f0b64c4ce,0xdac17f958d2ee523a2206206994597c13d831ec7,3000,12412642,1620729174,60
298274,0xb1637be0173330664adecb343faf112ca837da06,2,0x30bcd71b8d21fe830e493b30e90befba29de9114,0xc02aaa39b223fe8d0a0e5c4f27ead9083c756cc2,3000,11140156,1603822297,0
298645,0xb198eb5e9725fb76ba2ef8b19374a8894fcecddf,2,0x57ab1ec28d129707052df4df418d58a2d46d5f51,0x9f8f72aa9304c8b593d555f12ef6589cc3a579a2,3000,10349575,1593284623,0
299444,0xb20bd5d04be54f870d5c0d3ca85d82b34b836405,2,0x6b175474e89094c44da98b954eedeac495271d0f,0xdac17f958d2ee523a2206206994597c13d831ec7,3000,10130819,1590353138,0
299967,0xb25e6db21929badf86c6711367d5bd0ea622f42d,2,0x30bcd71b8d21fe830e493b30e90befba29de9114,0xa0b86991c6218b36c1d19d4a2e9eb0ce3606eb48,3000,11348466,1606585195,0
303733,0xb49ac553aeff303b1c73af00a8511cb1585c1204,2,0x0bc529c00c6401aef6d220be8c6ea1667f6ad93e,0x514910771af9ca656af840dff83e8264ecf986ca,3000,10850653,1599960788,0
304098,0xb4d0d9df2738abe81b87b66c80851292492d1404,2,0x0000000000085d4780b73119b644ae5ecd22b376,0xc02aaa39b223fe8d0a0e5c4f27ead9083c756cc2,3000,10092506,1589838843,0
304192,0xb4e16d0168e52d35cacd2c6185b44281ec28c9dc,2,0xa0b86991c6218b36c1d19d4a2e9eb0ce3606eb48,0xc02aaa39b223fe8d0a0e5c4f27ead9083c756cc2,3000,10008355,1588710145,0
306014,0xb5f8d230523c4bdcd00603ee354921441fde39b4,3,0x9f8f72aa9304c8b593d555f12ef6589cc3a579a2,0xdac17f958d2ee523a2206206994597c13d831ec7,10000,13023894,1628952361,200
306759,0xb66776014d002479ace38ec16e604e465851a33b,3,0x0d8775f648430679a709e98d2b0cb6250d2887ef,0xc02aaa39b223fe8d0a0e5c4f27ead9083c756cc2,10000,12792953,1625830842,200
307041,0xb6909b960dbbe7392d405429eb2b3649752b4838,2,0x0d8775f648430679a709e98d2b0cb6250d2887ef,0xc02aaa39b223fe8d0a0e5c4f27ead9083c756cc2,3000,10061933,1589427894,0
311918,0xb981acfc76ca389ccbb376a921e1c077b1c3c031,2,0x1f9840a85d5af5bf1d1762f925bdaddc4201f984,0x9f8f72aa9304c8b593d555f12ef6589cc3a579a2,3000,11430206,1607670581,0
313503,0xba6f08adb52badc392d803e70d48c8071734131e,3,0x57ab1ec28d129707052df4df418d58a2d46d5f51,0x6b175474e89094c44da98b954eedeac495271d0f,3000,12588047,1623077719,60
314215,0xbae1264cec9371238da484c42b56b0dc8c31c6b9,2,0x0bc529c00c6401aef6d220be8c6ea1667f6ad93e,0x2260fac5e5542a773aa44fbcfedf7c193bc2c599,3000,10990638,1601831504,0
314678,0xbb256c2f1b677e27118b0345fd2b3894d2e6d487,3,0xa0b86991c6218b36c1d19d4a2e9eb0ce3606eb48,0xdac17f958d2ee523a2206206994597c13d831ec7,10000,12375837,1620239057,200
314716,0xbb2b8038a1640196fbe3e38816f3e67cba72d940,2,0x2260fac5e5542a773aa44fbcfedf7c193bc2c599,0xc02aaa39b223fe8d0a0e5c4f27ead9083c756cc2,3000,10091097,1589819777,0
315601,0xbbb9bf440d0f686487925fef3b0a0f9aa67753f6,2,0x2b591e99afe9f32eaa6214f7b7629768c40eeb39,0xdac17f958d2ee523a2206206994597c13d831ec7,3000,11167031,1604178900,0
319362,0xbdfa9ebff5369bc10ff75b4a2fbfce8d5caf1024,2,0x0000000000085d4780b73119b644ae5ecd22b376,0x6b175474e89094c44da98b954eedeac495271d0f,3000,10687074,1597793602,0
320732,0xbeccd9c3755905e3f913517acb9c0b77426b920c,2,0xa0b86991c6218b36c1d19d4a2e9eb0ce3606eb48,0xa91c82b6933105c23298e631a0c1be751d239162,3000,11712735,1611417109,0
321352,0xbf2dda68de34bc1a145996707c553b3a6a7169bb,3,0x853d955acef822db058eb8505911ed77f175b99e,0xc02aaa39b223fe8d0a0e5c4f27ead9083c756cc2,10000,12874595,1626935489,200
326824,0xc27286b35101db690aa48fca4a21a2a5cb109fca,2,0x2260fac5e5542a773aa44fbcfedf7c193bc2c599,0xd46ba6d942050d489dbd938a2c909a5d5039a161,3000,10424727,1594290181,0
327203,0xc2a856c3aff2110c1171b8f942256d40e980c726,3,0x853d955acef822db058eb8505911ed77f175b99e,0xdac17f958d2ee523a2206206994597c13d831ec7,500,13008989,1628752930,10
327252,0xc2adda861f89bbb333c90c492cb837741916a225,2,0x9f8f72aa9304c8b593d555f12ef6589cc3a579a2,0xc02aaa39b223fe8d0a0e5c4f27ead9083c756cc2,3000,10091443,1589824355,0
327659,0xc2e9f25be6257c210d7adf0d4cd6e3e881ba25f8,3,0x6b175474e89094c44da98b954eedeac495271d0f,0xc02aaa39b223fe8d0a0e5c4f27ead9083c756cc2,3000,12369854,1620159368,60
330396,0xc486ad2764d55c7dc033487d634195d6e4a6917e,3,0x9f8f72aa9304c8b593d555f12ef6589cc3a579a2,0xa0b86991c6218b36c1d19d4a2e9eb0ce3606eb48,10000,12498848,1621883579,200
331265,0xc50ba3939b29fb9872606517deb5fc8937b39261,3,0x111111111117dc0aa78b770fa6a738034120c302,0x2260fac5e5542a773aa44fbcfedf7c193bc2c599,10000,13818703,1639691672,200
331291,0xc50ef7861153c51d383d9a7d48e6c9467fb90c38,2,0xa47c8bf37f92abed4a126bda807a7b7498661acd,0xdac17f958d2ee523a2206206994597c13d831ec7,3000,11380922,1607015414,0
332375,0xc5af84701f98fa483ece78af83f11b6c38aca71d,3,0xc02aaa39b223fe8d0a0e5c4f27ead9083c756cc2,0xdac17f958d2ee523a2206206994597c13d831ec7,10000,12376237,1620244224,200
332471,0xc5be99a02c6857f9eac67bbce58df5572498f40c,2,0xc02aaa39b223fe8d0a0e5c4f27ead9083c756cc2,0xd46ba6d942050d489dbd938a2c909a5d5039a161,3000,10091499,1589825028,0
333211,0xc628da629c615909c961b1c69c3bcac0c3fad8a9,2,0xa47c8bf37f92abed4a126bda807a7b7498661acd,0xc02aaa39b223fe8d0a0e5c4f27ead9083c756cc2,3000,11392091,1607163778,0
333328,0xc63b0708e2f7e69cb8a1df0e1389a98c35a76d52,3,0x853d955acef822db058eb8505911ed77f175b99e,0xa0b86991c6218b36c1d19d4a2e9eb0ce3606eb48,500,12379502,1620287538,10
336651,0xc837fe2e91cc7210eeb6e054ec9dfb9fdc4a26dc,3,0xa0b86991c6218b36c1d19d4a2e9eb0ce3606eb48,0xd46ba6d942050d489dbd938a2c909a5d5039a161,3000,12377693,1620263670,60
342810,0xcbcdf9626bc03e24f779434178a73a0b4bad62ed,3,0x2260fac5e5542a773aa44fbcfedf7c193bc2c599,0xc02aaa39b223fe8d0a0e5c4f27ead9083c756cc2,3000,12369821,1620158974,60
343105,0xcbfb0745b8489973bf7b334d54fdbd573df7ef3c,3,0x2260fac5e5542a773aa44fbcfedf7c193bc2c599,0xa0b86991c6218b36c1d19d4a2e9eb0ce3606eb48,10000,12601908,1623263166,200
347399,0xce84867c3c02b05dc570d0135103d3fb9cc19433,2,0x6b3595068778dd592e39a122f4f5a5cf09c90fe2,0xc02aaa39b223fe8d0a0e5c4f27ead9083c756cc2,3000,10736320,1598447926,0
348101,0xceee866d0893ea3c0cc7d1be290d53f8b8fe2596,3,0x7fc66500c84a76ad7e9c93437bfc5ac33e2ddae9,0xc00e94cb662c3520282e6f5717214004a7f26888,10000,12421823,1620853095,200
348692,0xcf4a0967c6c0b0fcd416283b8664f735391a36ec,2,0x514910771af9ca656af840dff83e8264ecf986ca,0xc00e94cb662c3520282e6f5717214004a7f26888,3000,10504290,1595354899,0
349848,0xcffdded873554f362ac02f8fb1f02e5ada10516f,2,0xc00e94cb662c3520282e6f5717214004a7f26888,0xc02aaa39b223fe8d0a0e5c4f27ead9083c756cc2,3000,10272054,1592246823,0
350226,0xd03b6ce6ac13a17f57619c3ec8a64dae9835a5ce,2,0x0bc529c00c6401aef6d220be8c6ea1667f6ad93e,0x30bcd71b8d21fe830e493b30e90befba29de9114,3000,11240860,1605158264,0
351442,0xd0fc8ba7e267f2bc56044a7715a489d851dc6d78,3,0x1f9840a85d5af5bf1d1762f925bdaddc4201f984,0xa0b86991c6218b36c1d19d4a2e9eb0ce3606eb48,3000,12378453,1620273020,60
352353,0xd18b6f4a4f9f9e5a77514ccf25478b351a95de40,2,0x9f8f72aa9304c8b593d555f12ef6589cc3a579a2,0xd46ba6d942050d489dbd938a2c909a5d5039a161,3000,10526580,1595652586,0
353589,0xd24b1542323096ccbf9cba3b13c5b9eb4a92c506,3,0x514910771af9ca656af840dff83e8264ecf986ca,0xa0b86991c6218b36c1d19d4a2e9eb0ce3606eb48,10000,12716263,1624799851,200
355399,0xd35efae4097d005720608eaf37e42a5936c94b44,3,0x111111111117dc0aa78b770fa6a738034120c302,0xc02aaa39b223fe8d0a0e5c4f27ead9083c756cc2,3000,12376804,1620251862,60
356144,0xd3d2e2692501a5c9ca623199d38826e513033a17,2,0x1f9840a85d5af5bf1d1762f925bdaddc4201f984,0xc02aaa39b223fe8d0a0e5c4f27ead9083c756cc2,3000,10876348,1600302037,0
356707,0xd42730adc5fce4a71e420a0ad548e27df56080db,2,0x0d8775f648430679a709e98d2b0cb6250d2887ef,0xd533a949740bb3306d119cc777fa900ba034cd52,3000,11289024,1605796675,0
357697,0xd4bda8d3f3fa647caefad00032d0908547e00e9c,3,0x0000000000085d4780b73119b644ae5ecd22b376,0xdac17f958d2ee523a2206206994597c13d831ec7,100,14203577,1644831991,1
358132,0xd505a5f726602b213537f1d20d78f42b4c2e7875,2,0x30bcd71b8d21fe830e493b30e90befba29de9114,0xdac17f958d2ee523a2206206994597c13d831ec7,3000,11348460,1606585137,0
364476,0xd8c8a2b125527bf97c8e4845b25de7e964468f77,2,0x514910771af9ca656af840dff83e8264ecf986ca,0xa0b86991c6218b36c1d19d4a2e9eb0ce3606eb48,3000,10099816,1589937364,0
364620,0xd8dec118e1215f02e10db846dcbbfe27d477ac19,3,0x6b175474e89094c44da98b954eedeac495271d0f,0xc02aaa39b223fe8d0a0e5c4f27ead9083c756cc2,100,13720973,1638360589,1
365136,0xd92de63661d2e298350307a63fea2c3f1731ff9a,3,0x2260fac5e5542a773aa44fbcfedf7c193bc2c599,0xc00e94cb662c3520282e6f5717214004a7f26888,10000,12454676,1621291341,200
369271,0xdbb317929a4924e032bc21add1ce8e30a978c257,2,0x1f9840a85d5af5bf1d1762f925bdaddc4201f984,0x7fc66500c84a76ad7e9c93437bfc5ac33e2ddae9,3000,11330063,1606341334,0
371307,0xdceaf5d0e5e0db9596a47c0c4120654e80b1d706,3,0x7fc66500c84a76ad7e9c93437bfc5ac33e2ddae9,0xa0b86991c6218b36c1d19d4a2e9eb0ce3606eb48,3000,12376027,1620241687,60
372471,0xdd960b52ea78a2602bf56e2a0f1563740210c57c,3,0x57ab1ec28d129707052df4df418d58a2d46d5f51,0x6b175474e89094c44da98b954eedeac495271d0f,500,12544791,1622499596,10
372940,0xdddc653d5fcb0904b811f647f063cf3f04593ee1,3,0x111111111117dc0aa78b770fa6a738034120c302,0x6b3595068778dd592e39a122f4f5a5cf09c90fe2,10000,12657522,1624006628,200
373559,0xde37cd310c70e7fa9d7ed3261515b107d5fe1f2d,2,0x0bc529c00c6401aef6d220be8c6ea1667f6ad93e,0xa0b86991c6218b36c1d19d4a2e9eb0ce3606eb48,3000,10588699,1596482767,0
374374,0xdeb9725e10642d1de906923f5b57851aa92a70aa,2,0x0bc529c00c6401aef6d220be8c6ea1667f6ad93e,0x6b3595068778dd592e39a122f4f5a5cf09c90fe2,3000,10773422,1598938717,0
376151,0xdfc14d2af169b0d36c4eff567ada9b2e0cae044f,2,0x7fc66500c84a76ad7e9c93437bfc5ac33e2ddae9,0xc02aaa39b223fe8d0a0e5c4f27ead9083c756cc2,3000,10978275,1601664580,0
376249,0xdfd1bee63355ccb6d39dadc46fbd5dc88f43420d,2,0x0d8775f648430679a709e98d2b0cb6250d2887ef,0x30bcd71b8d21fe830e493b30e90befba29de9114,3000,11422404,1607565980,0
377112,0xe0554a476a092703abdb3ef35c80e0d76d32939f,3,0xa0b86991c6218b36c1d19d4a2e9eb0ce3606eb48,0xc02aaa39b223fe8d0a0e5c4f27ead9083c756cc2,100,13616454,1636926269,1
377161,0xe05e653453f733786f2dabae0ffa1e96cfcc4b25,3,0x2b591e99afe9f32eaa6214f7b7629768c40eeb39,0xa0b86991c6218b36c1d19d4a2e9eb0ce3606eb48,10000,12679377,1624301508,200
377358,0xe07c687cecb3caf246ded3240d186181d5eae705,3,0x1f9840a85d5af5bf1d1762f925bdaddc4201f984,0x95ad61b0a150d79219dcf64e1e6cc01f0b64c4ce,10000,12395613,1620502754,200
379313,0xe1ab0442520d5b8bcf09317ad7e0c5bad5824fcd,2,0x2b591e99afe9f32eaa6214f7b7629768c40eeb39,0x6b175474e89094c44da98b954eedeac495271d0f,3000,10193356,1591194693,0
380799,0xe28a8c5227e50157d69c3916b95495307129494f,2,0x853d955acef822db058eb8505911ed77f175b99e,0xd46ba6d942050d489dbd938a2c909a5d5039a161,3000,11499246,1608586851,0
383198,0xe3ffab89e53422f468be955e7011932efe80aa26,2,0x6b3595068778dd592e39a122f4f5a5cf09c90fe2,0xdac17f958d2ee523a2206206994597c13d831ec7,3000,10800029,1599290962,0
385469,0xe5542de22e8819195171ba8a496f78009c7410b8,2,0x0000000000085d4780b73119b644ae5ecd22b376,0x2260fac5e5542a773aa44fbcfedf7c193bc2c599,3000,11166046,1604165045,0
385521,0xe55e68925809784c8234dfcf6f8fa42c3a48b2c3,3,0x0000000000085d4780b73119b644ae5ecd22b376,0xa0b86991c6218b36c1d19d4a2e9eb0ce3606eb48,500,12494290,1621822372,10
387492,0xe6868579ca50ef3f0d02d003e6d3e45240efcb35,3,0xc02aaa39b223fe8d0a0e5c4f27ead9083c756cc2,0xd46ba6d942050d489dbd938a2c909a5d5039a161,500,12377707,1620263795,10
388310,0xe6ff8b9a37b0fab776134636d9981aa778c4e718,3,0x2260fac5e5542a773aa44fbcfedf7c193bc2c599,0xc02aaa39b223fe8d0a0e5c4f27ead9083c756cc2,100,13660296,1637526377,1
390466,0xe845469aae04f8823202b011a848cf199420b4c1,3,0x1f9840a85d5af5bf1d1762f925bdaddc4201f984,0xa0b86991c6218b36c1d19d4a2e9eb0ce3606eb48,10000,12376261,1620244502,200
391315,0xe8c6c9227491c0a8156a0106a0204d881bb7e531,3,0x9f8f72aa9304c8b593d555f12ef6589cc3a579a2,0xc02aaa39b223fe8d0a0e5c4f27ead9083c756cc2,3000,12371099,1620175942,60
391829,0xe9131a276fd07af729b5537a429346e8affc67e0,3,0x95ad61b0a150d79219dcf64e1e6cc01f0b64c4ce,0xa0b86991c6218b36c1d19d4a2e9eb0ce3606eb48,3000,12642174,1623801355,60
392045,0xe931b03260b2854e77e8da8378a1bc017b13cb97,3,0x111111111117dc0aa78b770fa6a738034120c302,0xc02aaa39b223fe8d0a0e5c4f27ead9083c756cc2,10000,12381209,1620310693,200
393032,0xe9c761b372a9e98c966baac334a05fc8c12771b3,3,0x5f64ab1544d28732f0a24f4713c2c8ec0da089f0,0xc02aaa39b223fe8d0a0e5c4f27ead9083c756cc2,3000,12784420,1625716139,60
393066,0xe9cc31da55080593369e3cdf589bd1de85e0151a,2,0x514910771af9ca656af840dff83e8264ecf986ca,0x7fc66500c84a76ad7e9c93437bfc5ac33e2ddae9,3000,11210766,1604758115,0
393900,0xea4ba4ce14fdd287f380b55419b1c5b6c3f22ab6,3,0xc00e94cb662c3520282e6f5717214004a7f26888,0xc02aaa39b223fe8d0a0e5c4f27ead9083c756cc2,3000,12370351,1620165723,60
395767,0xeb656e61866a94b05af97c20370ce45d5db139c3,3,0xa0b86991c6218b36c1d19d4a2e9eb0ce3606eb48,0xd46ba6d942050d489dbd938a2c909a5d5039a161,500,12553664,1622618902,10
396308,0xebb7d45eaebb8a5714eba45302e2dd08703b8bfb,2,0x2b591e99afe9f32eaa6214f7b7629768c40eeb39,0xa91c82b6933105c23298e631a0c1be751d239162,3000,12842108,1626494917,0
396747,0xebfb684dd2b01e698ca6c14f10e4f289934a54d6,2,0x1f9840a85d5af5bf1d1762f925bdaddc4201f984,0xa0b86991c6218b36c1d19d4a2e9eb0ce3606eb48,3000,10876505,1600303988,0
400664,0xee4cf3b78a74affa38c6a926282bcd8b5952818d,3,0xa0b86991c6218b36c1d19d4a2e9eb0ce3606eb48,0xdac17f958d2ee523a2206206994597c13d831ec7,3000,12377807,1620264932,60
401807,0xeefd6bfd97c2b49d739140104d2d0f53f741b989,3,0x2260fac5e5542a773aa44fbcfedf7c193bc2c599,0xd46ba6d942050d489dbd938a2c909a5d5039a161,3000,12560959,1622715253,60
403588,0xf00e80f0de9aea0b33aa229a4014572777e422ee,2,0x1f9840a85d5af5bf1d1762f925bdaddc4201f984,0x6b175474e89094c44da98b954eedeac495271d0f,3000,10881896,1600374417,0
403596,0xf00f7a64b170d41789c6f16a7eb680a75a050e6d,2,0x6b175474e89094c44da98b954eedeac495271d0f,0xd533a949740bb3306d119cc777fa900ba034cd52,3000,10654327,1597357334,0
405695,0xf15054bc50c39ad15fdc67f2aedd7c2c945ca5f6,3,0xa0b86991c6218b36c1d19d4a2e9eb0ce3606eb48,0xc00e94cb662c3520282e6f5717214004a7f26888,3000,12376035,1620241765,60
406720,0xf1f27db872b7f6e8b873c97f785fe4f9a6c92161,2,0x0000000000085d4780b73119b644ae5ecd22b376,0xa0b86991c6218b36c1d19d4a2e9eb0ce3606eb48,3000,10092249,1589835433,0
408664,0xf3194e22d3212a6f930a7c6a88003d43f68befab,2,0x6b175474e89094c44da98b954eedeac495271d0f,0xc00e94cb662c3520282e6f5717214004a7f26888,3000,10279073,1592340690,0
410586,0xf4410c58d13820d5eba1a563e592ed015c4e3c80,3,0x111111111117dc0aa78b770fa6a738034120c302,0x6b175474e89094c44da98b954eedeac495271d0f,3000,13726656,1638438343,60
412043,0xf5148fbdae394c553d019b4caeffc5f845dcd12c,3,0x0000000000085d4780b73119b644ae5ecd22b376,0xa0b86991c6218b36c1d19d4a2e9eb0ce3606eb48,3000,14106198,1643533098,60
414894,0xf6c6ac7d03699dd6d139826ce88c690bbc7d71d8,3,0xa47c8bf37f92abed4a126bda807a7b7498661acd,0xc02aaa39b223fe8d0a0e5c4f27ead9083c756cc2,3000,12897821,1627248389,60
415059,0xf6dcdce0ac3001b2f67f750bc64ea5beb37b5824,2,0x2b591e99afe9f32eaa6214f7b7629768c40eeb39,0xa0b86991c6218b36c1d19d4a2e9eb0ce3606eb48,3000,10091642,1589827229,0
417077,0xf80758ab42c3b07da84053fd88804bcb6baa4b5c,2,0x57ab1ec28d129707052df4df418d58a2d46d5f51,0xc02aaa39b223fe8d0a0e5c4f27ead9083c756cc2,3000,10091694,1589827923,0
417087,0xf80960072b76804d4e0c12bebe784e6bf95883b9,2,0x0bc529c00c6401aef6d220be8c6ea1667f6ad93e,0x1f9840a85d5af5bf1d1762f925bdaddc4201f984,3000,10889452,1600476069,0
420961,0xfa545ce38d18ea4350adb899f380058afad7619e,2,0xa0b86991c6218b36c1d19d4a2e9eb0ce3606eb48,0xd46ba6d942050d489dbd938a2c909a5d5039a161,3000,10382854,1593731289,0
421492,0xfaa318479b7755b2dbfdd34dc306cb28b420ad12,3,0x1f9840a85d5af5bf1d1762f925bdaddc4201f984,0xc02aaa39b223fe8d0a0e5c4f27ead9083c756cc2,500,12376138,1620243088,10
421523,0xfaa7e98e633a10e90b71a84200e10562e5302a92,2,0xc00e94cb662c3520282e6f5717214004a7f26888,0xd46ba6d942050d489dbd938a2c909a5d5039a161,3000,10499644,1595291841,0
421834,0xfad57d2039c21811c8f2b5d5b65308aa99d31559,3,0x514910771af9ca656af840dff83e8264ecf986ca,0xa0b86991c6218b36c1d19d4a2e9eb0ce3606eb48,3000,12390598,1620436342,60
425474,0xfd0a40bc83c5fae4203dec7e5929b446b07d1c76,2,0x853d955acef822db058eb8505911ed77f175b99e,0xc02aaa39b223fe8d0a0e5c4f27ead9083c756cc2,3000,11465713,1608142156,0
429990,0xffc5ec194458e0747c9c3137e0b3a3c714c838ef,2,0x6b175474e89094c44da98b954eedeac495271d0f,0xa91c82b6933105c23298e631a0c1be751d239162,3000,12843191,1626510830,0
